sku,went_on_backorder
2088386,No
1493588,No
1529037,Yes
3090382,No
2176043,No
1229636,No
1408257,No
1420413,Yes
1296693,No
3126889,No
1452602,Yes
1141549,No
1930117,No
2813512,No
1829352,No
1792614,Yes
2829979,No
1786857,No
1771539,No
1968811,No
1871486,No
1778048,No
2931897,No
3246723,No
1834643,Yes
1180609,Yes
2245025,No
2951765,No
2306883,No
1300327,No
3269471,No
2008625,No
3083457,No
1658829,Yes
2843198,No
1718759,No
1260989,No
2117096,No
1368931,No
1743260,No
1139787,No
1781838,No
2065510,No
1240923,No
2234895,No
2210628,No
2069192,Yes
1265814,No
2132899,No
2205076,No
2064904,No
2140867,No
1572139,No
2822209,No
2027620,Yes
1726280,No
1496564,No
2065100,No
1495115,No
2233101,No
2278232,No
1694383,No
2291280,Yes
2146540,No
1701339,No
1971688,No
2904535,No
3065535,No
1196871,No
1718067,No
2869062,No
1793061,No
2058128,Yes
1438527,No
3003878,No
3282647,No
2064764,No
1130664,No
1476418,No
2026802,Yes
1357696,Yes
2850993,No
2919109,No
1935913,No
1852280,No
1485656,Yes
1905870,No
2148644,No
1614471,Yes
1339730,No
3220134,No
1569077,Yes
1782451,No
2136441,No
2143222,No
1599029,No
1407904,No
1431834,No
2907303,No
2867767,No
2825321,No
1895745,No
1832178,Yes
1868279,No
2186276,No
2814941,Yes
3189806,No
1312192,No
3184373,No
1164268,No
2868327,No
2993845,No
1509910,Yes
1832368,Yes
1474342,Yes
1758649,No
1183422,No
3174234,No
3004990,No
1807979,No
1853604,No
3063754,No
1611520,No
3236953,No
1266445,No
2303891,No
1894006,No
3059787,No
1773018,No
3026935,No
2885668,Yes
3195030,No
1812752,No
2163162,No
1448750,No
1423677,No
1488968,No
1168836,No
1113874,Yes
1848945,No
2802099,No
3094701,No
2141883,No
1710374,Yes
3068814,No
2071451,No
1524924,No
1944108,No
2991123,No
2046497,No
2927353,No
1693143,No
3080891,No
2921792,No
1853194,No
2298071,No
1270389,No
3221363,No
1932754,No
1477117,No
1405644,No
3000093,No
2807360,No
3283697,No
2960121,No
2836758,No
1770133,Yes
1927431,Yes
2298592,No
2166981,Yes
1361059,No
1251053,Yes
2119948,No
1498673,No
1426980,No
2031545,No
1489946,No
1693289,No
3055936,No
2909670,No
1506633,Yes
2237335,No
1723524,No
2874651,No
2835562,No
3020507,No
1841615,No
1627555,No
1214349,No
2285627,Yes
3264296,No
2912939,No
1157785,Yes
1886946,Yes
2004870,No
2165611,No
1783066,Yes
1352556,No
2974290,No
3054245,No
3112063,No
1839185,No
1668505,No
2891752,No
1627475,No
1902991,No
1279176,Yes
1574783,No
2954778,No
2299419,No
1492574,No
2138070,Yes
1534095,No
2111795,No
1492816,No
3130162,No
1456470,No
3052723,No
1525997,No
2182273,No
3210364,No
1473085,No
1145174,No
1368194,Yes
3121133,No
1320327,Yes
1414035,No
1326955,No
1693513,No
2212113,Yes
1426435,No
3111145,No
1812976,No
1639868,No
1529866,No
1166811,No
1863462,Yes
3139721,No
1245157,Yes
1777774,No
1761343,No
2019487,No
2111214,No
2085679,No
1969534,No
1470784,No
1816383,No
1581755,No
3187649,No
1320064,No
1492869,No
3033111,No
2835124,No
2227694,No
2215132,No
1768960,No
1225131,No
1512515,No
2157662,No
3071532,No
1923265,No
1970610,No
2916982,No
2982245,No
3050095,No
1547031,No
2107684,Yes
2017395,No
1663453,No
3101715,No
1233317,Yes
1978165,No
1558866,No
1691137,No
1164160,Yes
1436959,No
2255797,No
3078727,No
1852968,No
1417139,No
3157340,No
3072968,No
2952583,No
1771495,Yes
1634127,No
2954776,No
2908606,No
1128521,No
2107591,No
2909895,Yes
1137256,Yes
1692468,No
2282557,Yes
3051650,No
3262661,No
1134417,No
2310751,No
1452608,Yes
1660615,Yes
2939117,No
2144777,No
3071952,No
2309724,No
1250914,No
2045761,No
1616110,No
1945463,No
3053214,No
2307090,Yes
1644383,No
2903881,No
1340552,Yes
1197372,Yes
1618734,No
3043036,No
1313209,No
1862507,No
1152245,Yes
2113962,No
1901016,No
1231950,No
1236671,No
1740078,No
1219709,Yes
1229485,No
3182418,No
1224996,No
1757026,No
1192232,No
3009022,No
1431062,No
2162281,No
1283103,No
3212032,No
3029631,No
1444323,No
1206656,No
1643960,No
3008050,No
1557403,No
1304543,No
1745880,No
2211857,Yes
1456759,No
2142439,No
1272546,No
1433551,No
1726520,No
1408065,No
2046622,Yes
2036782,No
1946695,Yes
1397340,No
1647745,Yes
1698032,No
1740039,Yes
2095035,No
1881756,No
1384815,No
2181890,No
2132760,No
1273720,No
3038453,No
3098158,No
1838573,No
2965473,No
1844117,No
2956826,No
1804600,No
1280173,Yes
1377190,No
2249726,No
1625508,No
2141865,No
3274758,Yes
1474346,Yes
1667645,No
2870937,No
2028742,No
1448877,No
3184431,No
1777894,No
1839592,No
1641011,No
1231457,No
1127963,No
1416177,Yes
1467593,No
1200882,Yes
3074990,No
2856285,No
1420414,No
3197501,No
3108082,No
2265372,No
1756143,No
1769901,Yes
1223588,No
1605300,No
2043650,Yes
1686896,No
2011241,No
1452880,No
1407678,Yes
2953997,Yes
1507227,Yes
1493069,No
1740841,Yes
1134679,No
2059829,No
1185379,Yes
1297190,Yes
3171846,No
1167102,Yes
2966610,No
1582648,No
2186335,No
3249365,No
1815836,No
1640021,No
3158911,No
3137547,No
2167117,No
3235298,No
1312971,No
1734617,No
2962627,No
1481496,No
2016220,Yes
2854537,No
1932816,No
1927374,No
2071152,Yes
1951828,No
1797147,No
1171207,No
1720990,No
2229415,No
3174485,No
1454364,No
1937481,No
1413147,No
1482302,Yes
1945242,No
2314613,No
3094279,No
1367465,No
2855070,No
1502128,No
2121747,No
2207174,No
2831859,No
1498845,Yes
1118643,No
1160228,No
1632289,No
1116347,No
1706251,No
2835311,No
1221427,No
1933824,No
2309721,No
1245370,No
2114993,No
2834003,No
1583828,Yes
1846740,No
3118362,No
1264279,Yes
2853601,No
1640438,No
2812889,No
1809447,Yes
2041523,No
1589242,Yes
2180090,No
2928384,No
1647474,No
2998929,No
1300829,Yes
1821888,No
3200891,No
1812333,No
2860091,No
2929978,No
2906518,No
2166255,No
1485955,No
2814525,No
1844863,Yes
1560271,No
3083341,No
1165899,No
1169447,No
1513053,No
1786271,No
1803764,Yes
1989735,No
3169453,No
1198639,No
2160432,No
1752176,No
1292336,No
3158447,No
1904797,No
3224198,No
1630384,Yes
1741465,No
1224275,Yes
1618692,No
1677614,No
3212389,No
2006938,No
1122930,No
3173141,No
3268742,No
3001385,No
1685647,No
2816130,No
3112570,No
3141540,No
1845594,No
2200075,No
1174074,No
2069870,No
3181845,No
2280619,No
1266686,No
1976014,No
2146557,No
2234580,No
3274574,No
2807979,No
1876436,No
2024753,No
2233887,No
1522340,Yes
1304708,No
1964811,No
2001855,No
2819758,No
1898056,Yes
1658495,No
2096194,No
1478352,Yes
1193399,No
2892817,No
1480702,No
3047328,No
1434955,Yes
3233267,No
2312904,No
1393374,No
2028234,Yes
1366049,Yes
1306023,No
2855275,No
1866594,No
3076289,No
2060030,Yes
1785574,No
1658791,Yes
2003547,No
2995798,No
2994464,No
1752013,No
1251030,No
3043719,No
3046765,No
1120717,Yes
3255832,No
1240468,No
1600732,No
3057238,No
1537737,No
1277195,No
2967143,No
1931257,No
1374350,No
1655218,Yes
3228531,No
1690563,No
1442309,No
1659830,No
1387659,No
1596259,No
2861600,No
1862483,Yes
2819756,No
1976168,No
2824328,No
1263045,No
1965115,No
1585463,No
1843326,No
3136781,Yes
1826157,Yes
1758569,No
1522838,No
1804113,No
1355209,No
1317626,Yes
1118689,No
2915829,No
1368566,No
1502020,No
3207525,No
1414957,No
1410416,Yes
2177535,No
1197453,No
1641568,No
1942146,No
2933531,No
1614565,No
2071370,No
2804224,No
2953493,No
2217257,No
1389400,No
1517952,Yes
1970904,No
3052810,No
1989359,Yes
2260894,No
3015104,No
2940057,No
1705737,No
1389992,No
1738315,Yes
1854231,No
3113532,No
2965353,No
1837152,No
3033241,No
1761020,Yes
2024371,No
1751736,No
1426221,Yes
1375549,No
1522753,No
1253930,Yes
1344767,No
1634711,No
1713204,No
1745213,No
1914664,No
1813595,No
2235228,No
1229380,Yes
1342788,No
2263143,No
2311125,No
1225876,Yes
3030863,No
3152301,No
1272584,No
2890099,No
3201586,No
1384760,No
1421937,No
2290831,No
2247155,No
3104018,No
1885594,No
1589891,No
2939946,Yes
1784653,No
3178527,No
1365630,No
1560348,No
1713767,No
2853525,No
1181567,No
2974228,No
1227160,Yes
3170386,No
3257328,No
3094116,No
1296671,No
1160931,No
1347375,Yes
1961751,No
2955385,Yes
1936933,Yes
1900531,No
1200008,No
3188464,No
2298011,No
2102096,No
1352965,No
2060477,No
1545284,No
2967086,No
2831494,Yes
1922404,No
1380393,No
1952668,No
2060755,No
1531551,Yes
1677899,No
1586789,No
3001578,No
1677077,No
1965531,Yes
1166056,Yes
1748754,No
1325929,Yes
1842209,No
1783731,No
2068197,Yes
3097269,No
3120328,No
3194638,No
2023167,Yes
1856800,No
1787128,No
3099966,No
1306328,No
3022299,No
1384158,Yes
1297983,No
1637954,No
2178771,No
2017153,No
2197596,Yes
1155475,No
3126377,No
3021910,No
2953825,No
1690583,No
1885447,Yes
1796851,No
2077159,No
1527662,No
1752808,No
2277096,No
1776397,No
2806169,No
3172901,No
2248899,No
3143320,No
1840760,No
1369178,No
2838883,No
1228999,Yes
2981698,No
2883364,No
1912675,No
1154170,No
1721365,No
3033443,No
1915676,No
1546729,No
1791065,No
1452147,No
2021401,No
1408507,Yes
3164324,No
1348718,Yes
1261711,No
3056986,No
1269587,No
3227035,No
1808795,Yes
1926126,No
1356377,No
1874530,No
1593692,No
1364106,No
1185687,No
3071561,No
2146082,No
3187897,No
1574718,No
1884674,No
3076720,Yes
1569665,No
1826170,No
1953194,No
3121360,No
2977041,No
3254232,No
2175242,No
1930641,Yes
1378430,No
1870449,No
1760965,Yes
1393620,No
2223057,No
1575320,No
2194091,No
1766029,No
3056667,No
3144029,No
2144912,No
1869290,No
2974604,No
3065342,No
3193142,Yes
1167093,No
2012435,Yes
1990960,Yes
1175602,No
3250397,No
1753473,No
2132266,No
2134357,No
1904710,No
2178048,Yes
2184886,Yes
3257122,No
1608898,No
1802565,No
1700234,Yes
1448441,Yes
2962602,No
3056504,No
3255623,No
3098437,No
2126888,No
1595810,No
1789926,No
1787453,No
2206216,No
1899726,No
2871447,No
1208085,No
2019749,Yes
1316273,No
1684570,Yes
3209048,No
1856850,Yes
2906270,No
2162933,No
1534996,No
1479186,No
2943850,No
2929405,No
3120825,No
1160151,No
1400802,No
1708037,Yes
2940189,No
1678990,Yes
1966751,No
2001834,No
1999653,No
1805046,No
1293432,Yes
1894600,No
3164909,No
2838554,No
1459851,No
3084184,No
1951377,No
2882339,No
1932574,No
2141669,No
1309177,Yes
2153265,No
2945613,No
3002503,No
2023483,No
2013994,No
2299682,No
1159310,No
3220274,No
1356140,No
3140945,No
3201092,No
2289659,No
2079068,No
2133216,No
1695301,No
2916109,No
1376559,No
2139029,No
1608237,No
1531814,Yes
3074826,No
1788181,No
1525437,Yes
1166310,No
2811265,No
2932867,No
1452899,Yes
1706145,No
1296191,No
2083053,Yes
1381532,No
1409611,Yes
2171970,Yes
1125899,No
2123932,No
1936221,Yes
2861567,No
2216041,No
3054067,No
2031389,No
2294257,No
1741071,No
2286342,No
1445865,No
2875125,Yes
1207886,No
3002057,Yes
2249598,Yes
1217782,No
2910514,No
1975586,No
3239423,No
1314203,No
2958644,No
1896485,Yes
3245031,No
1412345,No
2045942,No
1927483,No
2291259,No
3116660,No
3206294,No
1510275,No
1330063,Yes
1655571,No
2928980,No
1520543,No
3246670,No
1477357,No
1899002,No
1559684,No
2182795,No
2154179,Yes
3283284,No
3224763,No
1368558,Yes
2890411,No
1452685,Yes
1299902,No
3203342,Yes
1202599,Yes
1867223,No
1923393,No
2288091,Yes
2075683,No
1955299,No
1634503,No
2905742,No
2942799,Yes
1561964,No
2882806,No
1487960,Yes
2080699,No
1744266,No
1453558,Yes
1735728,No
1325600,Yes
1344982,No
1735366,No
1490356,No
2852721,No
1923738,Yes
1985501,Yes
1678403,Yes
1769352,No
3075940,No
1905994,No
1257626,No
1431830,Yes
1608714,No
1253787,No
1496016,Yes
1935023,No
1208057,No
1879810,No
1149796,No
2290372,No
2236639,No
3095181,No
1118740,Yes
3253758,No
1361166,No
1982775,No
2951637,No
2024680,No
1308622,No
2050713,No
1624840,No
1735576,No
1733970,No
2108563,No
2065306,No
2997385,No
1539695,No
2829344,No
2840811,No
1667097,No
2263931,No
2860928,No
3101635,No
3154132,No
1708736,No
2991301,No
1295113,No
2133734,No
1596101,No
2299235,No
1956304,No
1505323,No
2060517,No
1871841,Yes
2197535,No
3080183,No
1255045,Yes
1287920,No
2942677,No
2266481,No
1280535,No
2054293,No
2906045,No
3087401,No
2254927,No
2113671,No
2828495,No
2292015,No
2882736,No
2957988,No
1283698,Yes
1175554,No
1212823,No
1150364,Yes
1253847,No
1121729,No
1384293,No
1196641,Yes
1745474,Yes
1986256,Yes
2094153,No
1886637,No
1938928,No
1378792,No
1512733,No
1254650,No
1415376,No
2867366,No
1292767,Yes
2195834,No
2234420,No
2829366,No
1413896,Yes
1635823,No
1755134,No
3229896,No
1523649,No
2055279,No
1778358,Yes
3047014,No
1603974,No
1613245,No
3173605,No
1864090,No
3203976,No
2094668,No
1350591,No
2907759,No
1529724,Yes
3255795,No
2238045,No
1538556,No
1165061,Yes
1853680,No
1874573,No
2061407,No
1342687,Yes
2263842,Yes
1828939,No
2135901,No
3244935,No
1268796,No
3282836,No
2966493,No
1955583,No
2957873,Yes
3042061,No
1720421,No
3110654,No
1985903,Yes
3066579,No
2212602,No
1397766,No
3077925,No
1125670,No
3037445,No
3176408,No
1701470,No
3181730,No
1698104,No
1806514,No
1112343,No
2041180,No
1556227,No
3165603,No
2910803,No
2983344,Yes
1430316,No
1312894,No
1160437,No
1611917,No
1984847,No
1195765,Yes
3133395,No
2007698,Yes
1791424,No
3118176,No
2896410,No
2952212,No
2970725,No
1676980,No
3070718,No
1652412,No
1770002,Yes
3145991,No
1683749,No
1244838,Yes
2071410,No
2180973,No
2021789,No
1641709,No
1473528,Yes
2853458,No
1650457,No
1476666,No
1796132,Yes
1972158,No
3272918,No
1603727,No
1595009,No
1958927,No
2297950,No
2084749,No
2866576,No
1132260,No
1852182,No
3029035,No
1785811,No
1795919,No
1327893,No
1411964,No
2021901,No
1137180,No
2183245,No
1180891,Yes
1460549,No
1343289,Yes
3006524,No
1430103,No
1499756,Yes
1937825,No
1433689,Yes
1586619,No
1618967,No
2212205,No
1977736,Yes
1805688,No
3163836,No
2089428,No
1526743,No
3060787,Yes
1364718,No
1874014,Yes
1999452,No
2170907,No
3060503,Yes
2092252,No
1210399,No
1639201,Yes
1219015,No
1266312,No
1708482,Yes
1651542,No
2237427,No
1480945,No
1291427,No
1403276,Yes
3176377,No
3226732,No
1180060,No
1277921,No
1325788,No
1918091,No
3261404,No
1181576,No
1358940,No
1406708,No
3178946,No
1481121,No
1502735,No
3259369,No
1834061,No
2832273,No
1249484,No
1678487,Yes
2232596,No
3149746,No
3117995,No
2098291,No
1408694,Yes
2252959,No
1453694,Yes
1985087,No
1302590,Yes
1853330,No
1901593,No
2884642,No
2936233,No
1423957,Yes
2264947,No
2950374,No
3067533,No
2067850,No
2021890,No
1557771,No
2898764,No
1538460,No
1544704,No
1632057,Yes
3241642,No
3005569,No
1462087,Yes
1440789,No
2033472,No
2114987,Yes
2170721,No
1891714,No
1750766,No
3264473,No
1327788,Yes
1315670,No
3261198,No
1483151,No
1218879,No
2967625,No
3234637,No
2952718,No
1391928,No
2098345,No
2228611,No
2157188,No
2874309,No
1912430,Yes
1718655,Yes
3076328,No
1769701,No
1797390,No
1502179,Yes
1276396,No
1341349,No
3099176,No
3096646,No
1741548,No
2012548,No
2275136,No
1399301,No
3221194,No
1506523,No
1470415,Yes
1981143,No
3226394,No
1428588,No
2996815,No
1359262,No
3100978,No
2242225,No
1515459,Yes
3268617,No
1412266,No
1446316,No
2830744,No
1775869,No
3124304,No
2312336,Yes
1435750,No
1597267,No
2122448,No
2186847,No
2888070,No
1946095,No
3144345,No
2017640,Yes
2932833,No
1162862,No
3040584,No
1991637,No
1611776,Yes
2083993,No
3070475,No
1304280,No
3159208,No
2138302,No
3023072,No
1550686,No
1614281,No
3233263,No
1960960,No
1148193,No
2945719,No
1457093,No
2075907,No
2227861,No
3110204,No
2238516,No
1135368,No
3259346,No
2959237,No
1536307,No
1281071,No
1286331,No
1457853,No
2833080,No
1956251,Yes
3172223,No
2870198,No
1331468,No
1470574,No
1910007,No
1755669,No
2259620,No
2915540,No
1679463,No
1391222,No
1141907,No
3194160,No
1589263,No
2264388,No
1623837,No
2145716,Yes
2064847,No
1967039,No
1146540,No
1363439,No
1527616,No
3228359,No
1498818,No
3113734,No
3124837,No
1408439,No
1645266,No
1946310,No
1502562,No
1992314,No
1497208,No
2842297,No
1114793,No
1392253,Yes
1935424,No
1360799,No
2271802,No
2125352,No
2928176,Yes
1440513,No
1519657,No
1888426,No
1532727,Yes
1388852,No
3218598,No
2896014,Yes
1397213,No
3274987,No
1883206,Yes
2845985,No
1834214,No
1698057,No
1630998,No
1368500,No
2090304,No
3099265,No
2251176,No
3251486,No
2978193,No
2807550,No
3149281,Yes
1543356,No
1304494,No
3026473,No
1922250,No
1293579,No
1320371,No
1466348,No
1135276,No
1676310,No
3256379,No
2923776,No
2230289,No
1607143,No
1159123,Yes
1534810,No
1974686,No
2975349,No
1529956,Yes
1709154,No
1381080,Yes
1993087,No
2841579,No
1751959,No
3120613,No
1359832,No
1399442,No
1179735,No
3068073,No
1166599,Yes
1162517,No
2828754,No
2949637,No
1707143,Yes
1603647,No
1871027,No
1207740,No
2945520,No
1560320,No
1790259,No
1932276,No
2863542,No
2147543,Yes
1718243,No
3202790,No
2214852,No
3054665,No
3125168,No
1248414,No
1605245,Yes
1130437,No
1456914,No
3129603,No
1881024,Yes
2038294,No
1721891,No
1968434,No
1849658,Yes
3100093,No
2130614,Yes
1163797,Yes
1549330,No
1844165,No
3111614,No
2169019,Yes
1887782,No
1674755,No
1443299,No
1447611,Yes
1132379,No
3253174,No
1187972,No
3122877,No
2928178,No
3202886,No
2244605,No
2111961,No
3111050,No
1148566,No
1334650,No
1136116,Yes
3042795,No
2271666,No
1814848,No
1992259,Yes
2128761,No
1953332,No
1775118,No
2192191,No
1784948,No
1897202,No
1312440,No
1117309,Yes
1619071,Yes
1121662,Yes
1385910,No
1732432,No
2241717,No
1600618,No
2135326,Yes
3102967,No
2038688,No
1807320,No
3183819,No
2003259,No
2042496,No
1515322,No
1122529,No
2146698,No
1442688,No
2160820,Yes
2816381,No
2976349,No
2852599,No
2091434,Yes
1928744,No
1329375,No
3184786,No
1390102,No
1515979,No
2018625,No
2856004,No
1724153,No
1584456,No
2991420,No
1822476,Yes
1394524,Yes
1676406,Yes
1885227,No
3191428,No
2246274,No
1417851,No
1485070,No
2117478,No
1872222,No
2064388,No
1520479,Yes
3182241,No
3199387,No
1609290,No
1397619,No
1675100,No
1853867,No
2849220,No
1475871,Yes
2912548,No
2068640,No
1341840,No
1313553,Yes
1427330,No
3152551,No
2175001,Yes
2865510,No
2038491,Yes
1482811,Yes
3030143,No
3007738,No
1629653,No
1727656,No
2212447,Yes
1289768,No
1865182,No
1787394,Yes
1901982,Yes
1552282,Yes
2027106,No
2222730,No
1494440,No
2883632,No
2134237,No
3214139,No
1887794,No
1159731,No
2201883,No
1435927,No
1193070,No
1500594,No
1142516,No
1680273,No
2231767,No
1546192,Yes
1721345,Yes
2107026,No
2876240,Yes
3246497,No
3022687,No
1425595,No
1664583,No
1309982,No
1885595,No
1542126,No
1550142,No
1728116,Yes
1802925,No
1458921,No
1224939,No
1312735,No
3050983,No
2276047,No
1940645,No
2111752,No
1601738,No
2145042,No
3143295,No
1720727,Yes
1544528,No
1928342,No
3171964,No
1778085,No
2840391,No
1981520,Yes
3170639,No
2818783,No
1187150,No
2125788,No
1438330,Yes
1584359,No
2117865,No
1208569,Yes
2038033,No
1373792,No
2218347,No
2970654,No
3054086,No
1278549,No
1893879,No
1112142,No
1619667,No
1623266,Yes
2118473,Yes
2993546,No
2273213,No
1784725,No
2267473,No
1394372,No
1352911,No
2145748,No
2067826,Yes
2082597,No
2151936,No
1469608,No
2108724,No
2085858,No
1252078,Yes
2209194,Yes
1654815,No
1410438,No
1537104,No
2890004,No
3047119,No
2258439,No
1560224,Yes
2839453,No
2028673,No
1272606,No
2314808,No
1884699,No
1577810,No
1317864,No
1125967,No
2034023,No
1284009,No
2255403,No
1198488,No
1644477,Yes
2994426,No
1466047,No
1426840,No
2210866,No
1376464,Yes
1169421,No
3255897,No
2910344,Yes
1978546,No
1569262,No
1814698,No
2971143,No
2837422,No
1845442,Yes
1456923,No
2149705,Yes
2171029,Yes
2135963,No
3112658,No
1296162,No
1484154,Yes
1273258,Yes
1466961,No
1848751,No
3075720,No
1427417,No
2911901,No
1981590,No
3214566,No
2810956,No
1509719,No
1906692,No
1773378,No
3202891,No
1401881,No
1709028,No
1129227,No
2294897,No
2848105,No
1432817,Yes
1847673,No
3104242,No
1227403,Yes
3245867,Yes
3010346,No
3029133,No
2824288,No
3121385,No
1547311,No
1346065,Yes
1867925,No
1541429,No
1126657,Yes
3085586,No
1709705,Yes
1836442,No
1826184,No
3135519,No
1876278,No
1137447,Yes
3022654,No
3258094,No
1522894,No
2826578,No
2108694,No
2201891,No
2288085,No
3000159,No
1773314,No
3240366,No
1254110,No
2162840,No
1249288,No
2308913,No
3046661,No
1824491,No
2074291,No
1154112,No
1796719,Yes
1888944,No
3167332,No
1303359,No
3010458,No
1284904,No
1441816,No
2019418,No
3229661,No
2848896,No
1725878,No
2272945,No
2914101,No
3283572,No
1286956,No
2048976,No
2893344,Yes
2229680,No
3226890,No
2880284,Yes
2234175,No
1796578,No
3031847,No
1431263,No
2215549,Yes
2107489,No
1449745,No
1651230,No
3145440,No
2888756,No
3069323,No
1253046,No
2893312,No
1624484,No
2264230,No
1936162,Yes
1674100,No
1337488,No
2196291,No
1827840,No
1490882,No
3219514,No
2217738,Yes
1743357,No
3081602,No
1965448,Yes
2252749,No
1812766,No
1241160,No
1688637,No
3019042,No
2854679,No
1477336,No
1277393,No
1969679,No
2258528,No
2174140,Yes
1802224,No
2204241,No
1243265,No
1418381,Yes
1855243,No
1782471,No
2132421,No
1809974,No
3145120,No
1503978,No
1688394,No
1698253,No
1961489,Yes
1673490,No
3168002,No
1734415,Yes
2201344,No
1519925,No
1552128,No
1204582,No
1448621,No
1175131,No
1731085,Yes
1355586,Yes
1302738,No
1882845,Yes
2078863,No
1655348,No
1857341,Yes
1532649,No
2913403,No
3207917,No
2837418,No
1338509,No
1596479,No
2133452,No
1679067,No
3211307,No
1113516,No
2183595,No
1921305,No
1385447,No
1662836,No
1805613,No
1412508,No
2058336,No
1988999,No
2805648,No
2808765,No
1479761,No
2181082,No
1135816,No
1215018,No
1720456,No
2931612,No
1880513,No
2037291,No
2933879,No
2007394,No
2014440,No
1655190,No
3004667,No
1442389,No
1161132,No
1833004,Yes
1226840,No
1898406,No
1921201,No
1124365,No
2915996,No
2293760,No
2979450,No
1934940,Yes
3062456,No
1451639,No
3115542,No
1297055,Yes
1916693,No
1478414,No
2197503,No
1497847,Yes
1599791,Yes
3009856,Yes
1405445,No
2885311,No
1628572,No
1720979,No
1680404,No
1836285,No
3240185,No
1140422,No
2931517,No
2181947,No
2307815,No
2916179,No
1784274,No
1278843,No
3275209,No
1516950,No
3253351,No
3084326,No
1737996,No
1386957,Yes
3122772,No
1819603,No
2249417,No
2934842,No
3085287,No
3279767,No
2876937,No
1679859,No
1181570,No
1242078,No
1112420,No
2853326,Yes
2046048,No
2167215,No
1885948,No
2871070,No
1771493,No
1302541,Yes
1361483,No
1373462,No
1409057,No
2212370,No
1628832,No
1614810,No
1564924,No
2058952,No
3020377,No
1730627,No
1916317,Yes
1498944,Yes
2931202,No
1117177,No
1143619,No
1871520,No
2040495,No
2967443,No
2966733,No
1420037,No
1350259,No
1506432,No
1608281,No
1671542,No
1470194,No
2176505,Yes
1358277,Yes
2886185,No
2149128,No
1908600,No
1417467,No
1796415,Yes
1244951,No
2139747,No
1468499,No
2086893,Yes
1556496,Yes
2061529,No
1139867,Yes
1161442,Yes
2176249,No
1869844,No
1232013,No
1269804,Yes
3181812,No
3073663,No
2885698,No
1127840,Yes
1861919,No
1490732,No
2223614,Yes
1485514,No
1896515,Yes
1296497,No
1819758,Yes
2167035,No
2045773,No
1989939,No
2882332,No
3254616,No
3155510,No
1542595,No
1994888,No
1944867,Yes
1580453,No
1999405,No
1121861,No
2101887,No
1487905,No
1439482,No
1393955,No
3159475,No
1493336,No
1249370,No
2968868,No
1507245,Yes
2272579,No
1123890,No
3133705,No
1176233,No
2270065,No
1148540,Yes
1965883,No
1858486,No
1824904,No
1134083,No
1205803,No
2079003,No
1522268,Yes
1600272,No
3110180,No
1188877,No
1730438,No
3138135,No
1153570,Yes
2939812,No
2195444,Yes
1419372,No
2932323,No
1574753,No
2924575,No
3225042,No
1116135,No
1471854,No
2950170,No
1753310,No
2062165,Yes
2265558,No
1549792,No
2941406,No
1689897,Yes
1546424,No
1157588,No
3081335,No
1746568,No
1860313,No
1502155,No
1933494,No
1635306,No
1341361,No
1407027,No
2041892,No
2923106,No
2133830,No
2082844,No
1682120,No
1175151,Yes
1118248,Yes
1846483,No
2872502,No
1375322,No
1991255,No
1205580,No
2039019,No
1921382,No
1493672,No
1530075,No
3256387,No
2093955,No
1317145,No
2906288,No
1118260,Yes
2094058,No
1412300,Yes
1271094,Yes
1969838,No
1947060,No
1282934,No
1755842,No
1345910,No
1977016,No
3200884,No
1507863,No
1341833,Yes
1550540,No
1694789,No
1142671,No
2831350,No
1808025,No
2229042,No
1419453,No
1756407,No
1815512,No
1139949,No
2134435,Yes
1333060,Yes
2263228,No
1960131,No
1670058,No
1201004,No
1939643,Yes
1633345,No
2968391,No
1723764,No
2065738,No
1919354,No
1532201,No
2135091,No
3173210,No
2016694,No
3131561,No
3194500,No
3036623,No
3265402,Yes
1142569,No
1491115,No
1887547,No
2165259,No
1575494,No
3190971,No
1442880,No
1612118,No
3241617,No
3254577,No
1252573,Yes
2172376,No
1985615,No
3196389,No
1439786,No
1474385,No
2311003,No
1176690,Yes
1984770,Yes
3119558,No
1439512,No
3016734,No
2023635,No
1584244,No
1122285,No
1659380,Yes
2302328,Yes
1439544,Yes
1399122,No
1265800,No
3172768,No
1709546,No
1880022,No
3107875,No
2309373,No
1511286,No
1321970,No
2865826,No
2199646,Yes
1959393,No
2042141,No
1143562,No
1627000,No
3133017,No
1524183,Yes
1563188,Yes
3067086,No
2941284,Yes
1230600,Yes
1779912,No
2994993,No
1522402,No
1266319,No
2175366,No
1765477,No
1936216,No
2262366,No
1156592,No
1391064,No
1821412,No
1765737,No
2315414,Yes
3054179,No
1462146,No
2159738,No
1149567,No
2821512,No
1248880,Yes
2219085,Yes
1565490,No
1634279,No
1771434,No
1454985,Yes
1329293,No
2126285,No
1122114,Yes
1390615,No
1124119,No
2951900,No
3167863,No
2156322,No
3198797,No
1950719,Yes
1717702,No
2930901,No
1540473,No
2278106,No
1958062,Yes
1526431,No
2906006,No
1505024,No
1641945,No
2000005,Yes
3035322,No
1361250,No
1765285,No
2091973,Yes
2170123,No
1821286,No
2124636,Yes
1993526,Yes
2122009,No
1798513,No
1685040,No
2227038,No
1828709,No
1592436,No
1216212,Yes
2277920,No
2879613,No
3227380,No
2934887,No
1299480,No
1800904,No
1780778,No
2967112,No
2027269,No
2061996,No
2115820,Yes
2936738,No
1192697,No
2914407,No
1267073,No
1819786,No
1861442,Yes
1421944,No
2208668,Yes
1696360,No
1258702,Yes
2003857,No
2022241,Yes
2945146,No
1204569,Yes
2101690,Yes
1736250,No
2166910,Yes
2262090,Yes
3199585,No
2971062,No
1492932,No
2079016,No
3263358,No
1830791,No
2130436,No
2953396,No
1261456,No
1597387,No
1192413,No
2878096,No
1285364,No
2966950,No
3076938,No
1341683,No
3120626,No
3020186,No
2934093,No
1562914,Yes
1262856,Yes
1230661,Yes
2224357,No
1501307,No
1745518,No
3041779,No
1125217,No
2043988,No
1169263,No
1492956,No
1379152,No
2279724,No
3211627,No
2929660,No
1115244,No
3043648,No
1240663,Yes
1423861,No
1117442,No
1541778,Yes
1765215,Yes
3121011,No
2937088,No
1851113,No
1212067,Yes
1513002,Yes
1420179,No
2006156,Yes
3283463,No
1891021,No
1998201,No
1341320,No
3270775,No
1910486,No
1171417,No
1873207,No
3266204,No
3172833,No
1641004,No
3018456,No
1630629,No
3003335,No
1940151,No
2875546,No
2183839,No
1383871,No
1139291,Yes
1992143,No
1389288,No
1858828,No
3261914,No
1341246,Yes
1504567,No
1703207,No
3243450,No
1868926,No
2228192,No
1241673,Yes
1433799,No
3158501,No
3011174,No
1812283,No
2003455,No
1201165,Yes
1296851,No
1928869,No
1843955,No
3049470,No
1377726,No
1976038,No
3145688,No
1287147,No
2016175,No
1493688,Yes
2305073,Yes
3222956,No
1923743,No
1226324,Yes
1656872,No
1196335,No
2825436,No
3215231,No
1519265,No
1716529,No
1157745,No
1961542,No
3057341,No
1969098,Yes
3059950,No
1648966,No
1412635,No
1297279,Yes
3178356,No
1733972,No
2897147,No
1774655,No
2985506,No
1870628,Yes
2265931,No
3245915,Yes
1641341,No
3075342,No
2855828,Yes
2096775,No
2878532,No
1708994,No
3221639,No
1241533,No
1384016,No
3251318,No
1676652,Yes
3096612,No
3278774,No
3032005,No
1603055,Yes
3276768,No
2220280,No
1531533,No
1662214,Yes
3245672,No
2011696,No
1519759,No
2156538,Yes
1128071,No
2932850,No
1936145,No
1804402,No
1439609,No
1262680,No
3245623,No
2003182,Yes
1533634,No
2169632,Yes
2206540,No
1835143,No
1923110,Yes
3057464,No
3168157,No
1961954,No
1737706,Yes
2107582,Yes
1467422,No
1530735,Yes
1308860,No
1285497,No
2229309,No
3231554,No
1641930,No
2113464,No
3265951,No
2932342,No
1479429,Yes
1476453,No
2055355,No
1701538,No
1781854,No
2088528,No
1687573,No
1784899,No
2220555,Yes
1535226,No
1464304,No
1525687,No
3259326,No
1125368,Yes
1790644,Yes
2222668,No
1877819,No
1195861,Yes
1156775,No
3099523,No
1655559,No
1333750,No
1254949,No
1905666,No
1300577,No
1586487,No
2280984,Yes
2862506,No
2171981,No
3166534,No
3167492,No
3168338,No
3077352,No
1580384,No
2953987,No
1362969,No
2122093,No
1445864,No
1480626,No
2148369,No
2217809,No
2961411,No
2115072,No
1990360,No
1713288,No
1859746,No
1853116,Yes
2024210,No
2215690,No
2972516,No
3091577,No
1447497,Yes
1736155,No
2076996,No
2139874,No
2971644,No
3166179,No
2228477,No
2989594,Yes
1722638,No
2291719,No
2137556,No
1936610,No
2231740,No
2145081,No
1985191,No
3147900,No
3051509,No
1125550,No
1222080,No
1281288,Yes
1333832,Yes
2199510,No
1612386,Yes
1990709,No
1828255,No
1305498,No
1644787,No
1866558,Yes
1938680,No
1289218,No
1922386,No
3073768,No
1779369,No
2097682,Yes
1902064,Yes
1848478,No
1629279,No
1562228,No
1467815,No
2176183,No
3260069,No
1814421,No
2085295,No
1605183,Yes
2290576,Yes
3270227,No
2031993,No
2208789,No
1610700,Yes
1166980,No
2079889,No
1828574,Yes
2229463,No
2182544,No
1998839,No
3239205,No
1665967,No
1813390,No
1281336,Yes
2916988,No
1339472,Yes
1220969,Yes
1771712,No
1440318,No
2221630,No
2941942,No
2912064,No
3150967,No
1382062,Yes
1161829,Yes
3116537,No
1424202,Yes
1922415,No
1117221,No
1766224,Yes
3009932,No
1647929,No
1460439,No
3106278,No
2237106,No
2054025,No
1584058,No
1644205,No
2002664,No
2304448,Yes
2295293,No
1741077,No
3074737,No
1475201,No
1373345,Yes
1203107,No
1407452,Yes
1343696,No
2225207,Yes
1512391,Yes
1930423,Yes
2097691,No
1993697,Yes
1913479,No
1882966,Yes
2060846,No
2207710,No
2099101,No
2156251,No
1398567,No
1344241,Yes
1148770,No
3235725,No
1500632,No
1235880,No
2140813,No
2926315,No
1889024,No
1320811,Yes
1468640,Yes
1318895,Yes
1525451,No
2070041,Yes
1742115,Yes
1206790,No
1586159,Yes
2111817,No
3142383,Yes
2911920,No
2032001,No
1329189,Yes
1485788,No
1623726,No
2880901,No
1595788,Yes
1362242,No
2127886,Yes
3216545,No
1857694,Yes
2297550,No
2209735,No
1640885,Yes
2042350,No
1792143,No
2991170,No
2859985,No
3192142,Yes
2969275,No
1741629,No
3203942,No
1211754,No
1170748,No
1564779,No
2033457,No
1224759,Yes
1471778,No
2258397,No
2967175,No
1134194,No
1643120,No
2119801,No
1500391,Yes
2103536,No
1932421,No
1679978,Yes
2052405,No
1513641,No
2298892,No
1834328,Yes
1984188,No
1113884,No
2849555,No
1964427,No
2219608,No
1336194,Yes
1260496,No
1920271,No
1787488,Yes
1781958,No
3209224,No
1388502,No
2162322,Yes
3281441,No
2071990,No
2185134,No
1761931,No
1670365,No
1531526,No
1541520,No
1580984,Yes
3215193,No
1360862,No
3233032,No
3083252,Yes
3223546,No
2204933,Yes
2016254,No
2010394,No
3008800,No
3186981,No
1365806,Yes
1424168,No
1641922,No
1811451,Yes
3101378,No
2179656,No
2191529,No
1586019,No
3078126,No
1202574,Yes
1830679,No
1384249,No
2982708,Yes
2110149,No
2122276,No
3142644,No
2929497,No
2867839,No
3050118,No
1970725,No
2145839,No
1831823,Yes
2175673,No
2912071,No
2095580,No
1122191,No
2961275,No
1127221,No
1728676,No
2981360,No
2168533,No
1327172,No
2973926,No
2060192,Yes
1513803,No
1172508,Yes
1113122,Yes
1260907,No
1805394,No
2949187,No
1925816,No
1274006,No
1732231,No
1862771,No
3282531,No
1126808,Yes
1327142,No
2049356,No
1145259,No
1147481,Yes
1773515,Yes
2920161,No
1934685,No
2809614,No
2097487,No
1636927,Yes
2890538,No
1526670,No
1916627,No
3157055,No
1557065,Yes
1204467,No
1150921,No
2832675,No
1193229,Yes
3036843,No
1511858,No
1118836,No
1671038,No
3270529,No
2271456,No
2191279,No
1399952,Yes
1138556,No
3260691,Yes
1409084,No
3075664,No
3169234,No
3083110,No
2842875,No
1361756,No
2283835,No
1418802,No
1849794,No
1846057,No
1584813,No
1967258,No
3091333,No
2220117,No
1567318,No
1412918,No
1917516,Yes
2870379,No
2818223,Yes
3083383,Yes
2006059,No
2162442,No
3160842,No
1920311,Yes
3098383,No
3204485,No
3037717,Yes
3026657,No
1646238,Yes
1231451,No
1505413,No
2172459,No
3205632,No
1373588,No
2200816,No
1470572,No
2916620,No
1833737,No
1875302,Yes
3199699,No
2047017,No
3000718,No
1816012,No
1368129,No
1212037,No
1348472,No
1231275,No
1469134,Yes
2082057,Yes
1831036,Yes
1192622,No
3198176,No
1284743,No
3114386,No
1134287,Yes
1925076,No
3108252,No
1640036,No
1608934,No
1196074,No
3015138,Yes
1164202,Yes
1268647,No
1225955,No
1155541,No
1492175,Yes
1954779,Yes
3197440,No
3187050,No
1162711,Yes
2133124,Yes
3162701,No
1496393,No
3129582,No
1144289,No
1215704,No
1186952,No
2101039,No
2880975,No
1879324,Yes
3046385,No
1173733,No
2109040,No
2206630,Yes
1560241,Yes
3195821,No
2935068,No
1693993,No
1825513,No
1290706,No
2238464,No
1387833,No
1653004,No
2067852,No
2273158,No
1642626,Yes
1999304,Yes
3206538,No
1372944,No
3079132,No
3225217,No
3123420,No
3162562,No
1112162,No
2876146,No
2940393,No
1759826,Yes
1743911,No
1516899,Yes
2074398,No
1120624,No
2161294,Yes
1999242,No
1584131,Yes
2950260,No
2260380,Yes
1936249,No
1710458,No
2886344,No
1825312,Yes
2945824,No
2296709,No
1796214,No
1193063,No
1477337,No
3144119,No
1845630,No
2077360,No
2907962,No
1288091,No
2230221,No
2882161,No
1523486,No
1554502,Yes
2901368,No
1327873,No
1631209,No
1222842,Yes
1217934,No
2984735,No
1348601,No
1868429,No
1334230,Yes
1744619,No
1558751,No
1921941,No
1826726,No
2207361,No
3195733,No
1924979,No
1790598,No
1539254,Yes
1958096,No
1341698,No
1146604,Yes
2006097,No
1846760,No
1419838,No
2185712,No
2924430,No
1547440,No
1244695,No
3171695,No
1802511,Yes
3118980,No
2140235,Yes
2814778,Yes
1187437,No
2286234,No
2063849,No
2113956,No
2303818,No
1479799,No
2017300,No
2115872,No
1371887,No
3156440,No
3043556,No
2269349,No
1301289,No
1312968,No
1395422,No
2014853,No
2026413,No
2238629,No
1624108,No
1594090,Yes
1465470,No
1284108,No
1955329,No
2959002,No
1852178,No
1681976,No
2294270,No
1972660,No
2080128,No
1735863,No
1754845,Yes
2909903,No
1812408,Yes
1255703,No
3062287,No
1865378,No
2826918,No
2268552,Yes
2074055,No
2185527,Yes
1907293,Yes
1592526,No
3061808,No
1807107,No
1974506,No
1864252,No
1644684,Yes
2172552,No
1703383,No
1392768,No
1457403,No
1771653,No
1884695,No
1444792,Yes
1325030,No
3227113,No
3085053,No
2033371,No
2968554,No
2815990,No
2834939,No
2020236,Yes
1683081,No
1140850,Yes
1857590,No
1832538,No
1870069,No
1901675,No
1684436,No
1603232,Yes
1198800,No
1255393,Yes
3259331,Yes
2271884,No
1884416,No
1884389,No
1983639,No
2245909,Yes
3142791,No
2313374,Yes
1973563,Yes
1704965,No
3058845,No
2996209,No
2085368,No
1167914,Yes
2265385,No
2927654,No
1232488,Yes
1413897,No
2252881,Yes
1970785,No
2985496,No
1736465,No
1894021,No
2295516,No
1137981,No
3065098,No
1786643,Yes
3203029,No
3251400,No
1733724,No
1166749,Yes
1450993,Yes
1728333,No
1995274,No
2809705,No
2180257,No
2966352,No
3114014,No
1130093,Yes
1243320,No
1481367,No
1473609,No
1127676,Yes
1541718,No
1635601,Yes
1349771,Yes
1520501,No
1181548,Yes
1951982,No
1940443,No
1956247,No
1431864,Yes
1342045,No
1932027,No
1894203,Yes
1865522,No
1902843,No
3223687,No
2311531,No
3024419,No
1882431,Yes
3087110,No
1848562,No
1310327,No
1800552,No
2993591,No
1929889,Yes
2116611,No
2848178,No
2239488,No
2223974,No
3161343,No
1614643,No
2865741,No
2841678,No
1905640,No
1428691,No
1217557,No
3193596,No
2936966,No
2960522,No
2056936,No
1820841,No
1803135,Yes
1633833,No
3048948,No
1929471,No
1213487,No
3141903,No
3251326,No
1316538,No
2926186,No
1648116,Yes
3035562,No
2281597,No
1213113,No
2825015,Yes
2836433,No
1829213,No
1776253,Yes
1505180,No
2947357,No
3001441,Yes
2925737,No
2165670,Yes
1984862,No
1430740,No
1153384,No
2815753,No
1401166,No
2302552,No
1547977,No
3079242,No
1291254,No
1174789,No
1468587,Yes
3188813,No
2169801,No
1926658,No
1715646,Yes
3174550,No
1928276,No
2014558,No
1438758,Yes
1329018,No
2973355,No
3011798,No
3076750,No
1664669,No
1322083,No
2875623,Yes
1406058,No
2072172,No
1556001,No
1342175,Yes
1730276,No
2917553,No
1330363,No
3085206,No
1228037,Yes
3100799,No
3050724,No
2222398,No
3248872,No
3100765,No
2005882,No
1453243,No
2861251,No
1480892,Yes
1895872,No
1687774,No
2983181,No
1668455,Yes
1429738,No
1908849,No
1326493,No
3281928,No
2074115,Yes
1235816,No
1128656,No
1516548,No
2292194,Yes
1594187,No
1312711,No
1269181,No
1852998,No
1633728,Yes
1819812,Yes
1517473,No
1949430,Yes
2979296,No
2309749,No
1635852,No
1117701,Yes
1331466,No
2098892,Yes
3088538,No
1386692,No
1640945,No
2157540,No
1520481,No
1250230,No
1572303,No
1139669,No
2058523,No
3208434,No
3091348,No
1814016,No
1671032,No
2858258,No
1265670,No
1520825,Yes
1170706,No
2043572,No
3144663,No
1209960,No
1201530,Yes
1450166,No
2011880,Yes
2917093,No
3101484,No
1367188,No
2034124,No
2079689,No
2959418,No
2877536,No
1227681,No
2900048,No
1827427,Yes
1655268,No
3223590,No
2806078,No
2238517,Yes
1641379,No
3031519,No
1656809,No
1672453,No
2118998,No
2962688,No
1210447,No
1175539,No
2200943,No
1690165,No
3238274,No
1727116,Yes
1775897,Yes
2916629,No
1219222,No
1181566,No
1580917,No
1694085,No
1276087,No
2119568,No
1677615,No
2995002,No
3154772,No
1251664,No
2938228,No
1469068,Yes
2209341,No
1542069,No
1609225,No
2880028,No
1485752,No
2965197,No
1250642,No
1918855,Yes
1467475,Yes
1368683,No
1213088,No
2108559,No
1681998,No
1408518,No
2847991,No
1224412,No
1862680,Yes
2215356,No
3168851,No
2924146,No
1614391,No
2253876,Yes
3178809,No
3175887,No
1313896,No
1636468,No
2079212,No
1984855,No
1616045,No
1461474,No
1384190,No
2846834,Yes
2020117,Yes
3068006,No
2013819,No
1766752,No
1847114,Yes
2302210,No
1711414,Yes
2893022,Yes
3189546,No
1905381,No
2005878,No
2098462,No
1908982,No
2212938,No
3151573,No
1371221,No
3035693,No
3270175,No
1692957,No
1684440,No
2280856,No
1438531,No
1444749,No
3198195,No
3080903,No
2899029,No
2000955,No
1920019,No
3157500,No
1705019,No
2128675,No
1916920,No
1564849,No
1349293,No
1353977,Yes
1443546,No
2160397,No
2813759,Yes
1205528,No
1225526,No
3047258,No
2884331,No
3193961,No
1786022,No
1423765,No
1119652,Yes
3175346,No
2934915,No
1145524,No
2192867,No
1754308,No
1501357,No
1410280,Yes
1708896,Yes
2994142,No
1135858,Yes
3046869,No
1234640,Yes
1586500,Yes
1245238,No
1692648,No
1816530,No
1856514,No
3209952,No
1673970,No
1727473,Yes
1652433,No
1918575,No
1848703,No
1339576,No
1698235,No
1589858,Yes
2272212,No
3203583,No
3233553,No
1421110,No
1534424,No
1959414,No
1776964,No
3059131,No
1402058,Yes
2854149,No
2313769,No
2047847,No
3137089,No
1711053,No
1469611,No
1856969,No
1360629,No
2192098,No
3009755,No
1555736,No
2223480,No
1969228,No
2175405,No
1903774,No
1124754,No
3213001,No
3252314,No
1428840,Yes
2079801,No
1252313,No
1648997,No
2120437,Yes
2867064,No
1239749,No
2829210,Yes
1284784,No
1482778,Yes
1300288,No
1785215,Yes
1469602,No
2937861,No
1816625,No
1453319,No
1707570,No
1857963,Yes
1391541,No
1413969,No
1208919,No
1539999,No
1850753,No
2938377,No
3155308,No
2146803,No
1169365,Yes
1915718,No
2139669,Yes
3001043,No
2183251,No
1587202,Yes
1593358,No
3259568,No
1373733,Yes
2849994,No
1837704,No
1470377,No
1953854,No
1615638,No
1946137,No
3205546,No
2076510,No
1229724,No
1531807,No
1149546,No
2114489,No
1597481,No
1970977,No
1602820,No
3149937,No
1560381,No
1312018,No
2298808,No
1824881,No
1333005,No
3281529,No
1436860,No
2220155,No
3228648,No
2249647,No
2941612,Yes
3092063,No
1248494,Yes
1194004,Yes
1487876,No
1412988,No
1535216,No
1893103,No
1830539,No
1150354,No
1283673,No
1289727,No
1413166,No
1274522,No
1907362,No
1480757,No
1421174,No
1867435,No
1949381,Yes
3081440,No
1806325,Yes
2151866,No
3113087,No
2062891,Yes
1247953,No
1150988,No
1275916,Yes
1475309,Yes
1977588,No
2045133,Yes
1555759,No
1830401,No
3240100,No
1445033,Yes
1702121,Yes
1479397,No
3070413,No
1825761,No
2830101,No
2148833,Yes
3284511,No
1840280,No
1320255,No
2228148,No
2873846,No
2822424,No
2199517,No
1251435,No
1218747,No
2886962,No
2212059,Yes
2941415,No
1582443,Yes
1593156,No
1477086,No
1835439,No
1903083,No
1985780,No
2311994,No
2014510,No
2113756,No
2967399,No
2030917,No
3074807,No
1764498,No
3127916,No
1713235,No
3279062,No
2307184,No
2086195,No
2223448,No
2001290,No
1957831,No
2028399,Yes
1697833,No
2940096,Yes
1642042,No
3270120,No
1487022,No
1660153,No
2268537,No
3232992,No
2183397,No
2082078,No
1702270,Yes
1813544,Yes
1824423,No
3094738,No
2889640,No
1986033,No
1327461,No
1358210,No
1721505,No
3176770,No
1707851,No
3255663,No
2051899,No
2964983,No
3007171,No
1831878,No
2271266,No
3125560,No
3002194,No
1120986,No
1981025,No
2312461,No
1236718,No
1981390,No
1683253,No
2198124,No
1996694,No
2128498,No
2921061,No
1389037,No
2968913,Yes
1234502,No
1446576,No
2244211,No
1582679,No
1671373,No
3083907,No
1700044,No
2892005,No
2232149,No
1540856,No
1621550,No
1823582,No
3270754,No
1844425,No
3058921,No
1247947,No
1241161,No
1839488,No
3258798,No
1552689,No
1784706,No
2152683,No
1539982,Yes
1217907,No
3265959,No
2133561,No
2239412,No
1998812,No
1824867,No
1668946,No
1399481,No
2212646,No
1549566,No
1846150,No
2164246,Yes
1902788,No
2156588,No
2980788,No
2272885,No
2977554,No
1382118,No
2095388,No
3187846,No
1471116,No
1394399,Yes
2179487,No
1241651,No
2956824,No
3119820,No
1720211,No
1408991,No
1219342,No
2196345,No
2844841,No
1660169,No
1650837,No
1769690,No
3139372,No
2840835,No
3279985,No
2251074,Yes
1350281,No
1665446,Yes
1822858,No
2894191,No
2315070,No
1816322,No
1743678,Yes
1357141,No
3252178,No
2817633,No
3175764,No
1566973,No
3212801,No
3186654,No
3145501,No
1485500,No
3005493,No
1955842,No
1654541,Yes
1154468,Yes
1968919,No
3166561,No
1890156,No
2308794,No
1642853,No
1369332,Yes
1610090,No
1751976,Yes
2294043,No
1981048,No
1977516,Yes
2235592,No
1958425,Yes
2055180,No
1313925,No
1263751,Yes
1152348,No
1232074,No
2092258,No
1329980,No
1620875,No
1199016,Yes
3283817,Yes
3268581,No
2206105,No
1893158,No
2172815,No
1265880,No
1627595,Yes
1480900,No
3157214,No
2843261,Yes
3211500,No
3074959,No
1996476,No
2252817,No
2121641,Yes
3086798,No
1452384,No
1869053,No
2129415,No
1943748,Yes
3242505,No
2173940,No
3231953,No
1472346,Yes
1573115,Yes
1862200,Yes
2892420,No
2982928,No
2261503,Yes
2952855,No
1775556,No
1678040,Yes
3169774,No
1581628,No
1132417,Yes
1160373,No
1320455,No
1822759,No
2933245,No
3232973,No
2909057,No
1348281,Yes
1651386,No
2015874,No
1383216,Yes
2910315,No
2990746,No
3030322,No
1698321,No
2914167,No
1967446,No
2230610,Yes
2180470,No
3206567,No
1968528,No
1311869,No
1895824,Yes
3016376,No
1128454,Yes
3112722,No
2973508,No
1889207,No
3143876,No
1785731,Yes
2857567,No
2020087,Yes
2813819,No
1623108,No
1857107,Yes
2229853,No
2133293,No
1999177,Yes
1386410,No
1343642,Yes
2909496,No
2312499,No
1693524,No
3237621,No
1132390,No
1674314,No
1766460,Yes
1796865,Yes
3127848,No
3046393,No
3071783,No
3232110,No
1309045,No
3036713,No
1915007,No
2083707,No
1883790,Yes
3270755,No
3129474,No
1536528,Yes
3106699,No
2104497,No
1584834,Yes
2289812,No
3066986,No
1546351,No
1856715,No
1138230,No
1657037,Yes
1118739,Yes
1590768,No
2126917,No
1129756,No
2162224,Yes
1793408,No
1229998,No
1336619,No
2212689,No
1993859,No
1303706,Yes
2204565,No
2114169,No
2853774,No
1234438,No
1426803,No
2063524,Yes
1353299,Yes
1423179,No
3124871,No
2060039,No
1423990,No
2808062,No
1748323,Yes
3159792,No
3224568,No
1355667,No
2166361,No
1824194,No
1444221,No
1266963,Yes
1561959,No
1904080,Yes
2830310,No
2224730,Yes
2180067,No
3245239,No
3082648,No
2005921,No
1741829,No
2825439,No
2264242,No
3050290,No
2833504,No
2228462,Yes
1967703,No
2189207,No
2047876,No
1416208,Yes
2150619,No
3270682,No
1972655,No
2048177,No
1814298,No
1470902,Yes
1327380,No
1409819,Yes
1772235,No
3156922,No
1693057,Yes
2166112,Yes
3245260,No
2074392,No
2942278,No
3119490,No
1962171,No
1529505,No
1830096,No
1860163,No
3047302,No
3222276,No
1304374,No
2979394,No
1993775,No
1289540,Yes
2000624,No
2887281,No
1543961,Yes
1148298,No
1610415,Yes
3017526,Yes
2871669,No
1192528,Yes
2272591,No
2174534,No
1228647,No
1910988,No
1115958,No
3082952,No
1786182,No
1912969,No
2973382,No
3262825,No
1810088,No
1523459,No
3236205,No
1496371,No
2943877,No
1193974,No
1697285,No
2283302,No
1144415,No
1745001,No
1927512,No
1149532,Yes
2164211,No
1244361,No
1953373,No
1631810,No
1800067,No
2122242,No
1795343,No
3017163,Yes
1195495,No
3140936,No
3190252,No
2848885,No
3196460,No
1342096,Yes
3274749,No
3257516,No
3066921,No
3271172,No
1649758,No
1988996,Yes
1531442,No
1864645,No
3270085,No
2858775,No
1455153,No
2189988,No
1288234,No
3049061,No
1769032,No
1820849,No
1456383,No
2271273,No
3016624,No
3074418,No
1281692,No
2921783,No
1533769,No
1174317,No
1223546,No
2977938,No
1319934,Yes
1845266,No
1510037,No
1547640,No
1760317,Yes
1644541,Yes
1375024,No
3128687,No
3030793,No
3227243,No
2912622,No
1567904,No
1712615,No
1719761,No
1675106,No
2987150,Yes
1649404,No
1203235,No
1287944,No
1258950,Yes
2858591,No
2068332,No
1237722,No
2280414,No
1775620,No
3197280,No
2078268,No
2842927,No
2905260,No
1778867,No
3101118,No
1359348,No
1228643,Yes
1427972,No
1343801,No
1836388,No
1377414,Yes
2807249,No
1161209,No
1120247,Yes
1920305,No
1877541,No
1388932,No
1364391,No
1625354,No
2980717,No
2226249,No
2009166,No
1338698,No
1445714,No
3262810,No
1995616,No
2988153,No
1539152,No
1204101,No
1197994,No
1328091,No
3183776,No
1715625,No
2115225,No
2965327,No
1262809,No
1234724,Yes
3121928,No
2215020,No
2026214,No
3209405,No
2023221,Yes
1591405,No
2288311,No
2874433,Yes
1309149,No
1693314,Yes
1937563,No
2090972,No
1886689,No
2933358,No
1889027,No
2092741,Yes
1711333,Yes
2168810,No
1221466,Yes
2310548,No
2138293,Yes
1608661,No
2079336,No
3231898,No
1753247,No
1864423,No
1369386,No
3109167,No
2054775,No
2297701,No
2048205,Yes
3080951,No
1202878,No
1522883,No
1115864,No
1819337,No
2185139,No
3255768,No
2919633,No
1811918,Yes
1996930,No
1680171,No
1334943,No
1989592,No
2845136,No
1405903,Yes
2229209,No
2194517,Yes
1951089,No
2146569,No
1224516,No
2059675,No
1233364,No
1877215,No
2094988,No
1152684,No
1403244,No
1464527,No
1515328,No
3175033,No
2999556,No
1232773,Yes
1971092,Yes
3265408,No
2137030,No
2206765,No
1338087,No
2977994,No
1913150,No
1294578,No
1683994,No
2889837,No
2071876,Yes
2314445,No
1810445,Yes
1540901,No
1393007,Yes
2866164,No
2937877,No
2987413,No
3277258,No
1544171,No
2034535,No
1532568,No
1308269,Yes
3150746,No
1871651,Yes
1811318,No
3175863,No
1679784,No
1263742,Yes
1666455,No
1320133,No
3156510,No
3277986,No
1729822,No
1918439,Yes
2194094,No
1784212,No
1797796,Yes
1482315,Yes
1878287,No
2933414,No
1320839,Yes
1473582,No
1310588,Yes
1874477,No
2957154,No
2157557,No
1246939,No
2148852,No
1149002,No
2157040,No
2823418,Yes
1254799,No
1884340,No
1241670,No
1976094,No
2953703,No
1465300,No
1937777,No
1471709,No
3224341,No
1595087,No
1881882,Yes
1417053,No
2827174,No
1301480,Yes
3107651,No
1292684,No
2979247,No
1639819,No
3226846,No
1255173,No
2105235,No
1368119,Yes
1585948,Yes
1323675,Yes
1479633,No
2184319,No
1362193,No
1433737,No
3197661,No
1853772,No
3249088,No
2112343,No
3006390,No
1536926,No
1669919,No
1122609,No
1333885,Yes
2940877,No
1212160,Yes
2833976,No
1808317,No
2040615,No
3077266,No
2102591,No
2988113,No
1791093,No
3143126,No
2114494,No
3127184,No
1556324,No
2283323,No
3149516,No
2090732,No
1892190,No
2897739,No
1475687,No
1910472,No
1409485,Yes
2965391,No
1661683,No
2802962,No
2249349,No
3283809,No
2166298,No
1274934,No
2921730,No
1134476,No
2054682,Yes
1425527,No
3243218,No
3147853,No
1477412,No
1428168,No
3262187,No
1963927,Yes
2243382,Yes
2308380,No
2050131,No
1658783,No
1178450,No
1615181,No
2195284,No
2075004,No
1291322,Yes
2186672,No
2181491,No
3045288,No
1661805,No
2870252,No
1507293,Yes
1291554,Yes
1493327,No
1376376,No
3119581,No
3042202,No
1606068,No
1320639,Yes
2133573,No
2133034,No
1728159,No
2310231,No
1877669,Yes
1722190,No
2048237,Yes
1247614,No
2977634,No
1790332,No
1521425,No
1840347,No
1202218,No
1225120,No
1579362,No
2841550,No
1175305,Yes
3174119,No
2832796,No
1488087,No
1158734,No
1570806,No
1935798,Yes
2810800,No
2944088,No
2086749,No
1706205,Yes
1197285,No
1202640,No
2932054,No
1674350,Yes
2907955,No
1968183,No
1384934,Yes
1611306,No
1325262,No
1967537,No
1763189,No
1828368,No
2005966,Yes
2005136,Yes
2993547,No
2162120,No
2060906,No
3113692,No
2956896,No
1554903,No
1452626,No
2086197,No
1543066,Yes
1611054,No
1410811,No
1171306,Yes
1147175,No
3132194,No
1201443,No
1946898,No
2977149,No
3054031,No
2921884,No
2314786,No
1575228,No
2279632,No
1769358,No
1447735,No
2083079,No
2307225,No
2276534,No
2173881,No
1698562,No
1476529,No
1579806,No
1874487,No
2988641,No
2986939,No
2932825,Yes
1847023,No
1543319,No
2829133,No
1993051,No
1548857,No
1522790,No
1815339,No
1654643,No
2912693,No
2842664,No
2275446,No
1687784,Yes
1264989,No
1139461,Yes
1698640,No
1737827,No
1659980,No
2968912,No
1136573,No
3246731,No
1872023,No
1320403,No
1315904,Yes
1821209,Yes
2880167,No
1361626,No
2175650,No
2234590,No
2133331,No
1538130,Yes
3190506,No
2035454,No
2825082,No
1436149,No
2233975,No
2239368,No
2019419,No
1173168,No
1666287,No
2845019,No
2151716,No
1295026,Yes
2862169,No
1203289,No
3125234,No
2891928,Yes
2252829,No
1328244,No
1848730,No
3069498,No
3057021,No
2249718,No
2109123,Yes
1419669,No
2054686,No
3256634,No
1231039,No
1768197,No
2945736,No
3074792,No
3275584,No
1596990,Yes
1832439,No
1874849,Yes
3002552,No
3038784,No
1572755,No
3277612,No
1696110,No
2975407,No
3029661,No
1632443,Yes
2313192,No
3284895,No
2137539,No
1883228,Yes
1905239,No
2116438,No
1510866,No
2173600,Yes
3064487,No
1377638,No
2880346,No
1560743,No
1636362,No
1153781,No
2223977,No
3253053,No
1167092,No
2836309,No
1234295,No
1560204,No
2155057,No
3023222,No
2936188,No
1738556,No
1615699,No
3078470,No
2851761,No
1699222,No
1573902,No
1642015,No
3178201,No
1156378,No
1361517,No
1140628,No
1133119,Yes
3177282,No
2937952,No
1139068,Yes
1984641,No
1589742,No
1857283,No
2945839,No
2890346,No
1925124,No
3250484,No
1727968,No
1454768,No
1567236,Yes
3139621,No
2897585,No
1304123,No
2843646,No
1702678,No
1856670,No
3158668,Yes
1696544,Yes
2289014,No
2958375,Yes
2153125,No
1837387,No
3008582,No
1677238,Yes
2080003,No
1556671,No
2221722,No
1704704,No
1344916,Yes
3199420,No
2897808,No
3159189,No
1455514,Yes
2223195,No
1620586,No
2825530,No
1937251,No
2196702,No
1405695,Yes
1817662,No
3073918,No
2178402,Yes
1762088,No
1431642,No
1756058,Yes
2247983,Yes
1649460,Yes
1657761,No
1386995,No
1140682,No
2843675,No
2193718,No
2851007,No
1542507,No
2056823,Yes
1845292,No
1218904,No
1964012,No
1727663,No
1163178,Yes
1356016,Yes
1204185,Yes
3248465,No
1810044,No
2206364,No
3270125,No
2131004,No
1720686,No
2061236,No
1198924,No
2178004,Yes
1922746,No
1442346,No
1311062,Yes
3000573,No
1487775,Yes
1545413,Yes
2037054,Yes
2180336,No
2825240,No
2817851,No
1154505,No
1375874,No
1615887,No
2912971,No
1657342,No
2079364,No
2015486,No
2938389,No
2109507,No
2309244,No
1855567,No
1780359,No
2183926,Yes
1607152,No
1157058,No
1554477,No
2128974,No
1881335,No
1152803,No
1367391,No
1161946,Yes
1445813,No
2228139,No
1130203,No
1387942,No
3229813,No
2858794,No
1300277,No
2142101,No
2197213,No
1362944,No
1763732,No
3247054,No
1450867,No
1244683,No
1625093,No
1175154,Yes
2005491,No
1889439,No
1157011,No
2210092,No
1237710,No
1705198,No
2862232,No
1273363,No
1317338,Yes
1705090,Yes
1640135,No
2283005,No
1162805,No
1644808,No
1621699,No
1590872,No
1374951,No
2213292,No
1901229,No
3253599,No
1990079,No
2174099,Yes
1286105,No
1850325,Yes
1434165,Yes
3216703,No
1184214,No
1151310,No
1292004,No
1798886,No
2893795,No
1710828,No
1956600,No
1334630,No
3275671,No
2838437,No
1559349,No
2291419,Yes
2276082,No
1429733,No
3113110,No
1818574,Yes
1588215,Yes
1653435,No
1230782,Yes
1585455,Yes
2988430,Yes
1140606,No
2140635,No
2045553,No
2163382,No
2183439,Yes
1477440,No
1639095,No
1959167,No
3107417,No
3216674,No
1294445,No
1197573,No
1346158,No
1397702,No
1657080,No
3167249,No
1703740,No
2927772,No
1534788,Yes
1186057,No
3100724,No
1761268,No
2112224,Yes
2990100,No
1241741,No
1613359,Yes
2013110,No
2098282,No
1704031,Yes
2093233,Yes
1294451,Yes
2182517,No
3083033,No
2047710,No
1873021,No
2304039,No
3203614,No
2121630,No
2131102,No
1955019,No
1569429,Yes
1457545,Yes
1565171,No
2264307,Yes
1126971,No
1288102,Yes
1181912,No
1383445,No
1239347,Yes
1733768,No
1456374,Yes
1306460,Yes
1475481,No
3028532,No
1520901,No
2976032,No
2815150,No
3161625,No
1242740,No
1359870,No
1172899,Yes
1163451,No
1793518,Yes
2255916,Yes
2919595,No
2182399,Yes
1284592,No
2908817,No
1904273,No
1306198,No
2230302,No
1509997,No
2907711,No
1677975,Yes
1466497,No
1719132,No
3278396,No
3076869,No
1305523,Yes
2902006,No
1121589,No
2246867,No
1313971,No
2277864,No
3236203,No
1921871,No
1341935,No
2249725,No
2003852,No
3257897,No
1830289,No
1733182,No
1571976,No
2014770,No
3263360,No
1938840,No
1446883,No
1898490,No
1944934,No
1474582,No
2138666,No
2257304,No
2200642,No
1520862,No
3022990,No
2076782,Yes
2040022,No
1416132,Yes
2126653,No
1248872,No
2242188,No
1514737,No
2238373,No
1672790,No
2198243,No
2306792,No
1207087,No
1220456,Yes
1282832,No
1487208,No
2052515,No
1660945,No
1520146,No
1640064,Yes
2857058,No
1650232,No
3260915,No
3209950,No
1968271,No
1783441,No
1613748,No
2152874,No
3065328,No
3036734,No
1155780,Yes
2960035,No
3224335,No
1954870,No
1249388,No
2202114,No
2896521,No
2019343,Yes
1252161,Yes
1554239,No
1112749,No
3229461,No
1115060,Yes
2153929,Yes
2300702,No
1505005,No
2015126,No
2202726,No
1951359,No
1121367,No
1159038,No
1124993,No
1794836,No
1659215,No
3009147,No
1351728,No
2041424,No
3039937,No
3084376,No
3010760,No
2817037,No
1723693,Yes
1513578,No
2946927,No
1371817,Yes
3214834,No
3042993,No
3158519,No
1820629,No
1443289,No
1594278,No
1117327,No
1534479,No
1425299,Yes
3123780,No
1209478,No
1769740,No
1228568,Yes
1625939,Yes
1578318,Yes
3222216,No
3092226,No
1656785,No
2147336,Yes
2258078,No
2993495,No
2252133,No
1788155,No
1207635,No
3183199,No
2005529,Yes
3162726,No
2959882,No
1472628,Yes
1397532,No
1621584,No
1493415,No
2203281,Yes
2895814,No
1457470,No
2112148,No
1772820,No
2049122,Yes
1431541,Yes
2287018,No
1402377,No
1335254,No
1184328,No
1455267,No
1772659,Yes
1607304,No
1509802,No
3151928,No
1753438,No
2059563,No
2250338,No
1372549,No
1774066,No
1467801,Yes
1949000,No
1314613,No
1214765,No
1469070,No
2915804,No
1398855,Yes
3089741,No
1390050,No
2801743,No
2992882,No
2276193,No
2827213,Yes
1567537,No
3076531,Yes
1770721,No
2024602,Yes
1216152,No
1288077,No
1284555,No
1475877,No
1764342,Yes
2006296,No
1775459,No
1595992,No
1560560,No
2894921,No
1977917,No
3004981,No
1920506,No
1328100,Yes
2927535,No
3129329,No
1175618,No
1486389,No
1268284,No
1990984,No
1718519,No
1280023,No
1636900,No
3029808,No
2297403,No
2175029,Yes
1341219,No
2102102,No
3148448,No
1397038,No
1343429,No
1641955,Yes
1343659,No
2049536,No
1168429,No
3278114,No
2836829,No
2090583,No
1710137,No
1243385,No
1238960,No
1869078,No
3013557,No
3221707,No
2179240,No
3188602,No
1512236,No
2971583,No
2110997,No
1855878,No
1323444,No
2821658,No
1599134,No
1925171,No
1271329,Yes
1368332,Yes
1226407,No
1850544,No
1291370,No
1458817,No
2189258,No
2187692,No
1991243,No
1622785,No
3201919,No
3001968,No
2283670,No
3144028,No
2041210,No
1225265,No
1255983,No
1300523,Yes
2150977,No
3019015,No
2271638,No
2075592,No
3014106,No
1541175,No
2887043,No
3180014,No
1863743,No
2016138,No
1608741,No
1259161,No
1835772,No
2166936,No
1272114,Yes
1592710,No
3127673,No
1835620,Yes
1935286,No
1233315,No
3260409,No
1181073,Yes
1358482,Yes
2882871,No
1603380,Yes
1383719,Yes
2151358,No
1769765,No
1417387,Yes
1208869,No
1122926,No
1410712,No
3181982,No
3266214,No
1796853,Yes
2157974,No
1801140,No
1407848,Yes
2150017,No
1268467,Yes
1152962,Yes
1420956,No
2901664,No
1919487,No
3241590,No
1751023,No
1123870,No
1427857,Yes
2240214,Yes
1950793,Yes
2041248,No
1259865,No
1406916,No
1978221,No
2235608,No
1505767,No
2122664,No
1909728,No
1985932,No
1914365,No
1311771,Yes
2818381,No
2954617,No
1699752,No
1333424,No
1483365,No
1459709,No
1434726,No
1977872,No
3133629,No
1258523,Yes
3008033,No
1346359,No
1383103,No
1546514,Yes
3246722,No
1889520,No
1338809,No
3198496,No
1837648,Yes
1297308,No
3194905,No
1241334,No
1686186,No
1398184,No
1440135,No
3077334,No
1576333,Yes
3016511,No
2870681,Yes
2976818,No
1782519,No
1471349,No
1853239,No
1702082,No
1254707,No
1783104,No
2961161,No
1551056,No
1298172,No
2083474,No
3129601,No
1430701,No
1342352,No
2015583,No
1781786,No
1726215,No
1742896,No
3044034,No
1251522,No
1269309,No
1854821,No
3203254,No
3131631,No
2990156,No
1142824,No
1133659,Yes
2070650,Yes
1318445,No
1187650,Yes
1118201,No
1657410,Yes
1116703,Yes
1611003,No
2185030,No
1435205,Yes
1441618,No
2051586,No
1671403,Yes
1955606,No
1917469,No
1877565,No
2976210,No
1492280,No
1575083,Yes
1201545,Yes
1904068,No
1163363,No
2297313,No
1294485,Yes
1146191,No
1659173,No
2967785,No
2891672,No
2969194,No
1762928,Yes
1318057,No
2192218,No
1984322,Yes
1474105,No
3064539,No
2976651,No
2170631,Yes
1477380,No
1320152,No
3115916,No
1281095,No
1364535,No
1229043,Yes
2125269,No
1979920,No
1368813,No
3014174,Yes
2192806,No
1606027,No
2282183,Yes
3074528,No
1949079,No
2204437,No
2241592,Yes
1475513,No
1933658,Yes
1324815,No
1212158,Yes
2841012,No
2068631,No
1653557,No
2304915,Yes
2202521,No
2121958,No
2251701,Yes
3023802,No
2931005,No
2128286,Yes
1528240,No
3073894,No
1888621,No
3088331,No
1729030,No
2262532,No
2009111,No
2857353,No
2163366,No
1178438,No
1263984,No
1911480,Yes
1279151,No
2836968,No
1312467,No
2027378,No
2259924,Yes
1976531,No
1484174,Yes
2000086,No
1629880,No
2192918,Yes
3237797,No
1513373,No
2940387,No
1636238,No
2174157,No
1717785,Yes
2912777,No
2114713,Yes
1132000,No
2213666,No
2247862,No
1236093,No
2945845,No
1123776,No
1968632,No
1617380,Yes
2291994,Yes
1948410,Yes
2928270,No
1797915,No
3218952,No
1700280,No
1786226,No
2052173,No
1415867,No
1209935,No
1551723,No
3082953,No
1592142,No
3069230,No
2093813,No
3233499,No
2257177,No
1169233,No
2084043,No
2263236,No
3078438,No
2168721,No
3254255,No
2157239,No
2829986,No
2891093,No
1251811,No
1270978,Yes
1463352,No
2861434,No
1369035,No
1730308,No
2917405,Yes
1441491,No
3108415,No
1914392,Yes
2250692,No
2128651,No
1470355,No
1672723,No
2939029,No
1268472,Yes
1999895,Yes
3111953,No
2994365,No
3193730,No
3001184,No
2872708,No
2313798,No
1316160,No
1304555,No
1910715,No
1672152,No
3259053,No
1857557,No
1718598,No
2019963,No
1469803,No
2142617,No
1956154,Yes
1246814,Yes
2079575,No
1346720,No
2813206,No
1149264,No
1447938,Yes
1130356,No
2907808,No
1925706,No
1934478,No
1751122,No
1868441,No
2031444,No
1577398,No
3259286,No
1690735,No
2851270,No
1490225,Yes
2955434,No
2184127,No
1349529,No
1504816,No
2114244,No
3252049,No
2865214,Yes
2158991,No
2179236,No
2302026,No
1168750,Yes
1214865,No
1759217,No
1406755,Yes
2199766,No
2131620,No
1846095,Yes
1433418,No
2064940,Yes
1317703,Yes
2046435,No
1317151,No
3244042,No
2235010,No
2200538,No
3244645,No
2177473,No
2193871,No
1538941,No
1254298,Yes
3109235,No
1511439,No
2083339,Yes
1840712,No
3187052,No
1580938,Yes
2830823,No
3212982,No
1933774,No
1420440,No
1164158,Yes
1781232,No
1685013,No
2935160,Yes
1505615,No
1162581,Yes
1799315,No
2226896,No
2031203,No
2229511,No
1237216,No
2882566,No
2916380,Yes
2227092,Yes
1237523,No
1473257,No
2165127,No
2982693,No
1391879,No
3170540,No
2805965,No
2179302,No
1709315,No
3259706,No
1560218,No
2023615,No
1331796,Yes
1316796,No
3264627,No
3186417,No
1847933,No
2263431,No
3226917,No
2834454,No
3058613,No
1960161,No
3162627,No
1891228,No
1190626,No
1778286,Yes
1533280,No
2984110,No
2884249,No
3050856,No
1854727,No
1320713,No
2052375,No
3074053,No
3271369,No
1131439,Yes
1330186,No
1659628,No
3229859,No
3196752,No
1809784,No
2166117,Yes
1601242,No
1713465,Yes
1663159,No
1902451,No
1478027,Yes
3039179,No
1495621,Yes
1615956,No
1970626,No
2972456,No
3002869,No
2892381,No
1687659,No
2241349,No
1272383,No
1295517,No
1480040,Yes
2134945,No
1310351,No
3051385,No
1617898,No
2094388,No
3152842,Yes
1400906,No
1137107,Yes
1168572,No
2824942,No
1707549,Yes
1909754,Yes
2054575,No
1708836,No
1335007,No
1918479,No
1785442,No
2028694,No
1979802,No
1434122,No
1988099,No
2878969,No
2242573,No
2965330,No
1918645,No
2955117,No
1179233,No
3105013,No
1275725,No
1858638,No
2034420,No
3220370,No
1820738,No
2253781,No
1969529,No
1157108,No
2291779,No
1353465,No
3018142,No
1767349,No
1828035,No
2106568,No
2315365,No
1803699,No
1662761,Yes
1131580,No
1746514,Yes
1438729,Yes
1700152,No
2279594,No
1964743,No
2122572,No
3064091,No
3108428,No
2190662,No
1727854,No
1532240,No
1682335,No
1608499,Yes
1469891,No
1137260,No
2281117,Yes
1155709,Yes
2122386,No
1502878,No
2835012,No
1429609,No
1185955,No
2847610,No
1610194,No
2876097,No
2929739,No
1610168,No
1454778,No
2180334,No
1769520,No
1357276,No
2221873,No
2048696,No
2988207,No
1980418,Yes
1955514,No
1150417,Yes
1165342,No
1842597,No
3190332,Yes
1733395,No
2294946,No
1856700,Yes
1449719,No
1905387,No
1659373,No
1719146,No
1650694,No
3037306,Yes
1319976,No
2147188,Yes
1279532,No
2073029,No
1633135,No
1891964,No
1157562,No
3129958,No
2157475,No
1494002,Yes
1319558,No
1678033,Yes
2302252,Yes
2990760,Yes
1547380,No
2002489,No
1700334,No
1678301,Yes
2960107,No
1671014,Yes
3219893,No
1238267,No
2239957,No
3141797,No
1335621,No
1223564,No
1570276,No
1492120,Yes
1380391,No
2072244,Yes
2300377,No
1852637,No
1558387,Yes
2293154,No
2023116,No
1403041,No
1551437,No
2828444,No
2164322,No
2142840,No
1274429,Yes
3069879,Yes
3240749,Yes
1192462,No
1935322,No
2053065,No
2887139,No
2057523,No
2245338,No
1418675,No
1589868,No
1281775,No
2811450,No
2000436,No
1957453,No
3085690,No
2112398,No
1233876,No
1143471,No
2134605,Yes
1129107,No
1538464,Yes
2848783,No
2049744,No
1812805,No
1729359,Yes
2293473,No
2968460,No
2824600,No
3242704,No
1696886,No
3180653,No
3190738,No
1728878,Yes
2215754,No
1986548,No
3008008,No
1222932,No
1492311,No
3037458,No
1303787,No
2910801,No
1973039,No
2001789,Yes
3200876,No
1279963,No
1471466,No
1450050,No
1445632,No
2293384,Yes
2312261,Yes
1962317,No
1399188,No
1680137,No
1802421,No
3258489,No
1220007,No
1426184,No
3258141,No
3118644,No
1425462,No
3114880,Yes
2034736,Yes
1742380,No
1347897,No
1507848,No
2191586,No
3045062,No
1599915,No
1813734,Yes
3235238,No
2095733,No
2010222,No
2185794,No
2258619,No
2171175,No
1168879,Yes
1966913,No
1544577,Yes
1971573,No
2266787,No
1533097,Yes
2246660,No
1392113,Yes
1533476,Yes
3028906,No
1261347,No
1149645,No
1207280,No
2273413,No
1537639,No
2258422,Yes
1938766,No
1131784,No
2837085,No
2941447,No
1552169,Yes
2017727,No
1872878,No
3273795,No
3223652,No
1318067,No
1849278,Yes
2087486,No
1517826,No
2235638,No
1229056,Yes
1944411,No
2901698,No
2148684,No
2938204,No
1234045,No
2045134,No
2918237,No
2807545,No
1889773,No
1261124,No
1952108,No
1293539,Yes
1753628,No
1542394,Yes
3098405,No
1989294,No
2155453,Yes
1887982,No
3201255,No
1810094,No
2089643,No
1392584,No
1292468,No
1289591,No
1751675,Yes
1826703,No
1350959,No
1897235,Yes
1731768,No
1627678,No
1623091,No
3014510,No
1596414,No
3227995,No
1639263,No
2066407,No
1966079,No
1119252,No
1801507,No
1731870,No
3174968,No
1657374,No
2125590,Yes
1711394,No
3014237,No
3080579,No
1414694,Yes
1423293,No
2873370,No
2124167,No
1812315,No
2188237,No
3034640,No
1470045,No
1139599,No
1989199,No
1599076,No
1318068,Yes
1305428,No
2105978,No
2902785,No
1345443,Yes
2844384,No
2024125,No
1540662,No
2828319,No
1112932,No
2292301,No
2819470,No
1966707,No
2290820,No
1538105,No
1694465,Yes
1737874,No
1958644,No
1209103,No
1881770,No
1136621,No
1557443,Yes
3003168,No
2939653,Yes
2214553,Yes
1666641,Yes
1887890,Yes
2198756,No
1271795,No
1472453,No
2144093,No
1712347,No
1597403,No
3130368,No
1466241,No
2134834,No
1679039,No
2065628,No
1347262,Yes
3144955,No
3107636,No
2022980,No
3131028,No
1962815,No
1569242,No
1366381,No
2307192,Yes
3090739,No
2057865,No
1238126,No
1430985,No
1745375,No
1685401,No
2180443,No
1346401,Yes
3078239,No
2137109,No
1186638,No
3025082,No
1824152,No
1218665,No
1312237,Yes
1614704,Yes
3137135,No
1445488,No
3257022,No
1807822,No
3214414,No
3201735,No
1267409,No
2990154,No
1387616,Yes
2964114,No
3164727,No
2948928,No
1750541,No
3046770,No
1741380,No
1180289,No
2141951,No
3212238,No
2896324,No
1619592,Yes
1726888,No
3228281,No
1749562,No
1386466,Yes
3177022,No
1710935,No
3073445,No
2942468,Yes
1272344,No
2098530,No
1656817,Yes
2915618,No
2076679,No
1458000,Yes
1286658,No
2007899,No
1930290,No
3155712,No
2845880,No
1126022,No
2860828,Yes
2902710,No
1916469,No
3122611,No
3126145,No
1867323,Yes
1254955,No
1299460,No
1298216,Yes
3132395,No
1873856,No
3065331,No
1306012,No
1821101,No
1544095,No
2948531,Yes
2102862,No
1610553,No
3081727,No
2850284,No
2071302,No
2845980,No
1399123,Yes
1745165,No
1717751,No
1582709,Yes
3068097,No
2806979,No
2155958,No
1284641,No
1250521,Yes
1451302,No
2263157,No
3142698,No
2835282,No
1695692,No
3005417,No
1204459,No
3276152,No
2914542,No
1937692,No
1692310,No
1858359,No
2882962,No
1661283,No
2300466,Yes
1875911,No
1541979,No
1725718,Yes
1791459,No
1983616,No
2236094,No
3082741,No
1246113,No
2159350,No
2909837,No
3212468,No
2181688,Yes
2037553,No
1154613,No
1196320,No
1772444,No
3011619,No
1251043,No
3234371,No
1388633,No
2291088,No
1169929,No
1512906,Yes
1989270,Yes
2138175,No
2858277,No
1678818,No
1683834,No
2896514,No
2906298,No
1130131,No
3215577,No
2193258,No
1225580,No
1230712,No
1855802,No
1741413,No
1446171,No
3244484,No
2244584,No
1276089,Yes
1311126,No
3239910,No
1907326,No
2264048,No
2261518,No
2062954,No
2877103,No
2301349,No
1584360,Yes
2167348,Yes
2286343,No
2937734,No
1968530,No
1171139,No
1773820,No
1499591,No
1161622,No
2833580,No
2103934,No
1917460,No
2813752,No
1305197,No
1612171,Yes
1302510,Yes
2264305,No
1907412,No
3227013,No
1367903,No
3043694,No
1681761,No
1312053,No
1362684,No
3255857,No
2141626,No
1151733,No
3240165,No
1980952,No
2876260,No
1341715,No
2144323,Yes
1553206,No
1403117,No
1218884,No
3126564,No
3077946,No
2911441,No
2031609,No
1746717,No
1882894,No
1120954,Yes
3156755,No
1900725,No
1658884,No
1299047,No
1383143,Yes
1696471,No
1224957,Yes
2134879,No
1863675,No
1246025,No
1849526,No
1338430,No
2014085,No
2883173,No
1129151,Yes
1573868,No
1538637,Yes
2158318,No
2987392,No
1133921,No
2869080,No
1687667,No
2047019,No
1114935,No
3025715,No
1777580,No
3065119,No
1448481,No
2936828,No
1937629,No
3278588,No
2027107,No
2929063,No
2812240,No
2257100,No
1113162,No
2805211,No
1894284,No
2214770,No
1975101,No
2127612,Yes
1253829,Yes
3074406,No
3208497,No
3123713,No
1221912,No
1823383,No
1918112,No
2217340,Yes
2053466,No
2813588,No
3082360,No
3265018,No
1483689,No
2296316,No
1682100,No
3254724,No
2873192,No
1224845,Yes
2170259,No
1170560,No
1291753,No
1638831,No
2925182,Yes
1972799,Yes
1931632,No
1170066,Yes
1140969,No
1169093,No
2862673,No
1956948,No
1660727,No
2090524,Yes
1253341,Yes
1258245,No
1964955,No
2854993,No
3024261,No
1644296,No
1815146,No
3272715,No
1472729,Yes
1808102,No
2050649,No
1118804,No
3058096,No
1936663,No
1159553,No
2225533,Yes
1461461,No
1906386,Yes
1271241,No
1674012,No
1434835,No
1675325,No
1117241,No
1639728,No
1628389,No
3089219,No
1792578,Yes
2817764,No
1760241,No
2119886,No
2176508,Yes
2936085,No
1492375,No
1342683,No
1942224,No
3218477,No
1522284,No
1543292,No
1476808,No
1136796,Yes
1128409,No
1598047,No
2912981,No
1412637,No
1703389,No
1158305,No
3015609,No
1708868,No
2257312,No
2275637,No
1817599,No
1251181,Yes
1379059,Yes
1761570,No
2009890,No
1720828,No
1554529,Yes
1442834,Yes
3159763,No
3033892,No
2299286,No
2061531,No
3209796,No
1359917,No
1349727,No
2131456,No
3015452,Yes
1918504,Yes
1193956,No
3140128,No
1898081,No
2282431,No
1583358,Yes
1149057,No
2299511,Yes
2861867,No
2131438,Yes
1881226,No
1908948,No
1547723,No
1866850,No
2114102,No
3249663,No
1960973,No
2178914,Yes
3133887,No
1434614,No
1319204,No
1416589,No
2045843,No
1479069,No
3079387,No
3201416,No
1507183,Yes
1951426,Yes
1510366,No
1210351,No
1863921,No
1131989,No
2311382,No
1383194,No
3077855,No
2306766,No
1205253,No
1528091,No
1765061,No
1283608,Yes
2257826,No
2072853,Yes
2028355,Yes
2264937,No
1536666,No
2192996,No
1422024,No
1767928,No
1942077,No
2212969,No
1634013,No
3255436,No
2949538,No
3131479,No
3151353,No
2985863,No
3226167,No
1583842,Yes
1465278,Yes
1883014,No
1327225,No
3100317,No
1817665,No
3037463,No
1579844,Yes
1712153,No
1333629,Yes
1666850,No
1645844,No
1602186,No
1580028,Yes
1648498,No
1526905,Yes
1393520,No
2032187,Yes
3149852,No
1723535,Yes
1149996,No
2954647,No
2291061,No
2953070,No
2230206,No
1314412,No
2883293,No
1622317,Yes
1287250,Yes
2313164,No
2221920,No
1424882,No
1373059,No
2268654,Yes
1951440,No
1770417,No
3081988,No
1650191,Yes
1423702,No
2805355,No
2864649,No
1180358,No
1202606,Yes
1180145,No
1135186,No
1709782,No
2874379,No
1961258,No
1961426,No
3064789,No
2024963,No
2096646,No
2299990,No
1381918,No
2872525,No
3138214,No
1155002,No
2156134,No
3175150,No
2866737,No
1634581,No
1415610,No
2973037,No
2907490,No
1113859,No
1496867,No
3249189,No
3104302,No
2035705,No
1758703,No
1736350,No
2060985,No
3058778,No
3072200,No
2841525,No
3179718,No
3212108,No
1998402,No
1142090,Yes
1814431,No
2104066,No
1194152,Yes
1504484,Yes
2039211,No
1376377,Yes
2140915,No
2890686,No
1743467,No
2094187,No
1481205,No
1305804,No
1953713,No
1989413,Yes
2810345,No
1981394,No
1140535,No
1733085,No
2964779,No
1887552,No
1981928,Yes
2132184,Yes
3068681,No
2162453,No
3274060,No
3181034,No
3016451,No
2161627,No
2974069,No
2205364,No
3083779,No
1847952,Yes
1725262,No
2925445,No
2059415,No
1967929,No
2188665,No
3099651,No
3250944,No
1473406,Yes
1922580,No
1730997,No
1166947,No
1936590,No
3243859,No
1322938,Yes
1595503,No
3197540,No
2115414,No
1781991,No
1503366,No
1520799,Yes
1333230,Yes
2014641,Yes
2311054,Yes
1883383,Yes
2305109,No
1154472,No
3143105,No
2157708,No
3187686,No
2287176,No
2953319,No
1627261,Yes
1720507,Yes
1354338,Yes
1624459,No
1240786,No
1377175,No
1762792,No
1283844,Yes
1187367,No
1393118,No
3012090,No
2188780,No
2994393,No
2247938,No
3175904,No
3035050,No
2892958,No
1135699,Yes
1916431,No
1330148,No
1305527,No
1326385,No
1163139,Yes
1538229,No
2106415,Yes
1987534,No
3151799,No
1782853,No
1365550,Yes
2848777,No
3091431,No
1316259,No
1635724,Yes
2249028,No
2841996,Yes
1584175,No
1510787,No
2977336,No
1913546,No
1457115,Yes
2972438,No
1332250,No
1722404,No
1410403,No
3244282,No
3003412,No
1704354,No
3130044,No
1537308,No
1171485,No
2066271,No
1769873,No
1538863,No
1590623,No
2937372,No
3044413,No
1538910,Yes
1839898,No
1448968,No
1768395,No
2167837,No
2176568,No
2992605,No
1721730,No
1758875,No
1453811,No
1737516,Yes
1662097,No
1648477,No
3253658,No
1796812,No
2853282,No
1236911,Yes
2273191,No
1819371,No
2014327,Yes
1640207,No
3273067,No
1302248,No
1418135,No
2954765,No
2221784,No
